cliente_id,nombre,apellido,email,pais,telefono,fecha_registro,ciudad
1,Artemus,Cossum,,Brazil,+557260023,2025-08-13,Brasilia
2,Pierrette,Garrod,,Argentina,,2025-09-24,Buenos Aires
3,Manfred,Millier,mmillier2@whitehouse.gov,Argentina,,2024-10-22,Córdoba
4,Krystalle,Ibeson,,Brazil,+553739569,2024-08-13,Brasilia
5,Rob,Bowfin,rbowfin4@xrea.com,United States,,2024-04-23,Washington D.C.
6,Nadeen,Rable,nrable5@ovh.net,Brazil,,2025-10-01,São Paulo
7,Lothaire,D'orsay,,Argentina,+54112089638,2024-05-07,Rosario
8,Jilleen,Esmead,jesmead7@people.com.cn,Brazil,,2024-05-14,
9,Ray,Najara,rnajara8@usgs.gov,Brazil,+557605910,2025-11-02,Rio de Janeiro
10,Renata,Crayton,rcrayton9@newyorker.com,Argentina,,2024-09-25,Buenos Aires
11,Tanitansy,Toal,,Argentina,,2025-08-15,Buenos Aires
12,Hamish,Danels,hdanelsb@cmu.edu,Brazil,,2025-11-04,Brasilia
13,Aimil,Corbould,acorbouldc@flickr.com,Brazil,,2024-03-02,Brasilia
14,Ursala,Queripel,,Brazil,+554031798,2024-12-11,Brasilia
15,Waring,Scholey,,Brazil,+557226995,2025-07-31,Brasilia
16,Sigrid,Ethelstone,sethelstonef@uol.com.br,United States,,2025-04-01,New York
17,Horacio,Yourell,hyourellg@de.vu,United States,,2024-01-03,New York
18,Morten,Quakley,,United States,+0011247965,2024-05-27,Washington D.C.
19,Gareth,Scoterbosh,gscoterboshi@netlog.com,Brazil,+558767232,2025-04-22,Brasilia
20,Corena,Libbe,clibbej@uol.com.br,Brazil,,2025-04-30,
21,Fredra,Batterson,fbattersonk@apple.com,United States,,2024-11-12,Washington D.C.
22,Liane,Hackney,,Brazil,,2025-07-25,São Paulo
23,Ynez,Jiru,,Argentina,,2024-12-01,Rosario
24,Marco,Wiles,mwilesn@myspace.com,Brazil,,2025-11-05,Brasilia
25,Prue,Trayford,ptrayfordo@webeden.co.uk,Argentina,,2025-09-19,Buenos Aires
26,Marley,Nelthropp,mnelthroppp@flavors.me,Brazil,,2024-12-18,Brasilia
27,Esmeralda,Richardes,erichardesq@timesonline.co.uk,Brazil,,2024-12-24,São Paulo
28,Wanda,Whodcoat,wwhodcoatr@epa.gov,Argentina,,2024-09-07,Buenos Aires
29,Monica,Curnnok,,United States,,2025-09-19,New York
30,Hewet,Blay,,Brazil,,2024-03-16,
31,Edee,Galiero,egalierou@msu.edu,Brazil,,2024-02-01,Brasilia
32,Templeton,Kase,,Brazil,+556150052,2024-06-19,Brasilia
33,Kilian,Gormally,kgormallyw@comcast.net,Brazil,,2025-11-09,São Paulo
34,Jeremy,Bycraft,jbycraftx@opera.com,United States,,2024-03-07,
35,Gabbie,Noke,,United States,+0014423177,2024-09-30,Washington D.C.
36,Meggy,Shawe,,United States,+0013652710,2025-01-27,Washington D.C.
37,Carrie,Ranyard,cranyard10@dailymotion.com,Argentina,,2025-10-06,Buenos Aires
38,Dominic,Cheng,,Brazil,,2025-04-15,
39,Karlie,Dullingham,,Argentina,+54119644477,2025-06-08,Buenos Aires
40,Amara,Hollyar,,United States,+0011069014,2024-04-12,Washington D.C.
41,Lorilee,Brach,,Chile,+0009112823,2024-08-27,
42,Cheri,Stevenson,cstevenson15@unc.edu,United States,,2024-11-18,New York
43,Glenna,Theriot,,United States,,2024-08-07,New York
44,Zebulen,Shemmin,zshemmin17@tamu.edu,Argentina,+54116944973,2025-03-20,Rosario
45,Spencer,Skipper,,United States,,2025-02-24,Washington D.C.
46,Ellery,Ludy,eludy19@wordpress.org,Chile,+0008418530,2025-11-03,Santiago
47,Benedetta,Carleman,bcarleman1a@senate.gov,Brazil,,2024-11-13,
48,Lola,MacDermot,lmacdermot1b@spiegel.de,Brazil,,2025-02-19,Brasilia
49,Waldemar,Bandt,wbandt1c@yandex.ru,Brazil,,2024-04-13,Brasilia
50,Helen,Gaylord,hgaylord1d@tripod.com,United States,+0014958794,2024-10-18,New York
51,Goddard,Daen,,United States,+0019261389,2024-05-07,Washington D.C.
52,Meagan,Glasser,mglasser1f@ebay.com,Brazil,+553624155,2024-12-14,Brasilia
53,Gunilla,Jeanin,gjeanin1g@reddit.com,Brazil,,2025-01-18,
54,Harman,Sokell,hsokell1h@go.com,Brazil,,2024-03-30,Brasilia
55,Deedee,Fingleton,,United States,,2024-03-30,New York
56,Cilka,Ambrogi,cambrogi1j@flavors.me,Brazil,+557284173,2024-11-27,Brasilia
57,Augustina,Black,ablack1k@rambler.ru,Brazil,,2024-03-01,São Paulo
58,Ailis,Bedome,,Brazil,,2024-07-18,Brasilia
59,Bernie,Bushaway,,Brazil,,2025-08-03,Brasilia
60,Berni,Trevethan,btrevethan1n@istockphoto.com,United States,,2024-10-16,New York
61,Cletus,Greatland,cgreatland1o@g.co,Brazil,,2025-07-30,
62,Mar,Mc Curlye,,Brazil,,2024-06-11,
63,Barney,Delahunty,bdelahunty1q@plala.or.jp,Argentina,,2025-04-13,Córdoba
64,Hirsch,Izakoff,hizakoff1r@cnet.com,United States,,2024-07-16,New York
65,Risa,Vasilevich,rvasilevich1s@clickbank.net,Brazil,,2024-08-07,Brasilia
66,Alick,Bursnell,,United States,,2024-08-18,Los Angeles
67,Tedman,Cosh,tcosh1u@upenn.edu,Brazil,,2025-08-26,São Paulo
68,Frazer,Spoward,,United States,,2024-11-08,Washington D.C.
69,Tomas,Gammack,,United States,,2024-01-31,Washington D.C.
70,Ches,Ladyman,cladyman1x@pagesperso-orange.fr,Argentina,+54118723633,2025-07-28,Buenos Aires
71,Damiano,Dougal,,Argentina,,2025-07-08,Buenos Aires
72,Almire,Reppaport,,Uruguay,,2025-04-03,Montevideo
73,Ephraim,Isselee,eisselee20@plala.or.jp,Brazil,,2025-11-14,
74,Hy,Geikie,hgeikie21@imgur.com,Brazil,,2024-03-13,Brasilia
75,Helenka,Meaddowcroft,hmeaddowcroft22@latimes.com,United States,+0016597605,2025-02-02,Los Angeles
76,Kevon,Drieu,,Brazil,,2024-03-07,
77,Ibrahim,Greenaway,igreenaway24@sun.com,Brazil,+555747015,2024-05-16,Brasilia
78,Filberte,Iron,firon25@tmall.com,Brazil,+551927574,2024-02-08,São Paulo
79,Rozalin,Rushworth,,Brazil,,2024-11-05,Brasilia
80,Lil,Smeeton,lsmeeton27@mlb.com,Brazil,,2024-09-08,Brasilia
81,Boot,Dommerque,bdommerque28@house.gov,Brazil,+556774225,2025-03-20,
82,Kamilah,Fibbings,,Argentina,,2024-06-09,Buenos Aires
83,Hugo,Crosham,hcrosham2a@wordpress.com,Argentina,+54113768142,2024-02-10,
84,Cyndi,Perkin,cperkin2b@cmu.edu,United States,+0016717356,2024-01-02,
85,Alasdair,Drewett,adrewett2c@zdnet.com,Brazil,+558247671,2024-02-14,Brasilia
86,Karlie,Gravie,kgravie2d@amazon.de,United States,+0012737914,2025-03-29,
87,Kacie,Grece,,Chile,,2024-12-12,Valparaíso
88,Deck,Boatwright,dboatwright2f@sciencedaily.com,Argentina,,2025-06-17,Buenos Aires
89,Elliot,Ginty,eginty2g@go.com,Brazil,,2025-01-02,Brasilia
90,Neda,Lytlle,nlytlle2h@amazon.co.uk,Argentina,,2025-02-07,Rosario
91,Leonore,Scholtis,lscholtis2i@abc.net.au,Brazil,,2025-10-13,
92,Zita,Medlicott,,Brazil,,2024-04-11,São Paulo
93,Pooh,Looker,plooker2k@newsvine.com,Argentina,,2024-04-15,Buenos Aires
94,Ree,McMichell,rmcmichell2l@spiegel.de,Chile,,2025-07-24,
95,Prinz,Piaggia,,Brazil,,2025-08-31,Brasilia
96,Penny,Straniero,pstraniero2n@nifty.com,Argentina,,2025-09-25,
97,Temple,Hulbert,,United States,,2024-09-26,New York
98,Norri,Maidlow,,Brazil,+555144436,2024-01-17,Brasilia
99,Dorelia,Smurfitt,dsmurfitt2q@mediafire.com,United States,,2025-03-17,Washington D.C.
100,Carina,Oldacres,coldacres2r@chron.com,Brazil,+555801492,2025-11-19,Brasilia
101,Vivi,Togwell,,Brazil,+557174324,2025-04-12,
102,Dieter,Boddington,,Argentina,,2025-05-18,Buenos Aires
103,Umeko,Cardiff,ucardiff2u@qq.com,Brazil,+554631103,2025-02-28,Brasilia
104,Jareb,Seamans,jseamans2v@cbsnews.com,Brazil,,2024-01-15,Brasilia
105,Blaine,Trewartha,btrewartha2w@ow.ly,Argentina,,2025-01-28,Córdoba
106,Reynolds,Toogood,rtoogood2x@vk.com,Argentina,,2025-09-21,Rosario
107,Frasier,Veasey,,Argentina,+54112089394,2024-08-13,Buenos Aires
108,Mackenzie,O'Reilly,moreilly2z@kickstarter.com,Argentina,+54111560849,2025-04-15,
109,Elaina,MacGahy,emacgahy30@uiuc.edu,Brazil,,2025-03-16,Brasilia
110,Rad,Antoniottii,rantoniottii31@google.ca,Brazil,,2025-02-16,Brasilia
111,Tiebold,Simester,tsimester32@wordpress.org,Argentina,,2025-04-16,
112,Fay,Blacklock,,United States,,2024-10-04,
113,Corenda,Gaiford,,United States,+0014758026,2024-08-26,Washington D.C.
114,Sheffy,Fann,sfann35@home.pl,Brazil,,2025-01-11,Brasilia
115,Maisey,Woodley,,Brazil,,2025-08-06,Brasilia
116,Vasily,Roberto,vroberto37@newsvine.com,United States,,2024-03-12,Washington D.C.
117,Gabriella,McCarry,,United States,+0017860690,2025-04-15,Washington D.C.
118,Rania,McReedy,,Brazil,,2024-08-16,São Paulo
119,Beck,Elmore,,Brazil,+554061520,2024-05-16,Brasilia
120,Corry,Ross,,United States,,2025-02-08,Washington D.C.
121,Licha,Hamper,,Brazil,,2024-04-05,Brasilia
122,Ernst,Hug,ehug3d@youtu.be,Brazil,+555531097,2025-07-13,Brasilia
123,Tierney,Taylour,,Argentina,+54117829023,2024-04-12,Buenos Aires
124,Nicolas,Waldocke,nwaldocke3f@ycombinator.com,Brazil,,2025-04-25,São Paulo
125,Gustav,Effemy,geffemy3g@storify.com,Argentina,,2024-09-09,Buenos Aires
126,Sher,Lapish,,Brazil,,2024-11-21,
127,Ashly,Evison,,United States,+0014880684,2025-10-13,New York
128,Saba,Blasing,sblasing3j@scientificamerican.com,Brazil,,2025-04-25,Brasilia
129,Sibylla,Cromb,scromb3k@amazon.co.uk,United States,,2024-10-19,Washington D.C.
130,Findley,Catlow,fcatlow3l@tmall.com,Brazil,+559619890,2025-06-13,
131,Gipsy,Loggie,,United States,,2025-10-03,Los Angeles
132,Elnore,Greenier,,Brazil,,2025-08-28,Brasilia
133,Tessa,Jankin,tjankin3o@businessweek.com,United States,,2025-03-05,Washington D.C.
134,Iorgo,Dumphreys,idumphreys3p@springer.com,Argentina,+54115459374,2024-04-01,Buenos Aires
135,Dotti,Coare,dcoare3q@msn.com,Brazil,,2025-03-21,Brasilia
136,Augustin,Ericsson,aericsson3r@dagondesign.com,United States,+0014621550,2024-06-28,
137,Melodie,Rodolf,,Argentina,,2024-02-24,Buenos Aires
138,Mirabel,Whaites,mwhaites3t@gizmodo.com,Brazil,,2025-10-28,Brasilia
139,Garald,Wroe,gwroe3u@yellowpages.com,United States,+0012379155,2025-02-22,New York
140,Hinda,Stockle,,Brazil,,2024-10-20,São Paulo
141,Maggie,Moxham,,United States,,2024-07-28,
142,Demetrius,Izakson,dizakson3x@blogspot.com,Brazil,,2025-08-16,Rio de Janeiro
143,Allayne,Axel,aaxel3y@bbb.org,Brazil,,2024-11-12,Brasilia
144,Willyt,Faltin,wfaltin3z@google.fr,Brazil,,2024-04-08,Brasilia
145,Gannie,Smethurst,gsmethurst40@buzzfeed.com,United States,+0014817069,2025-06-01,Washington D.C.
146,Nollie,Peschet,npeschet41@howstuffworks.com,Argentina,,2024-02-01,Rosario
147,Wood,Rubenovic,,Brazil,,2024-04-07,São Paulo
148,Tallou,Benterman,tbenterman43@livejournal.com,United States,,2025-05-21,
149,Susan,Mattingley,smattingley44@google.ru,Argentina,+54119712666,2024-12-02,Buenos Aires
150,Hallsy,Sugars,,United States,+0018227696,2024-07-15,Washington D.C.
151,Dalis,Tilliards,,Brazil,,2025-10-07,Brasilia
152,Virgie,Sansun,,United States,,2024-02-18,New York
153,Peirce,Chawkley,pchawkley48@discovery.com,Brazil,+556531434,2024-12-06,Brasilia
154,Domenic,Benoist,,United States,+0014657723,2024-08-17,
155,Christoph,Chasle,cchasle4a@themeforest.net,Brazil,,2025-04-08,Brasilia
156,Worthington,Franzotto,wfranzotto4b@mac.com,United States,,2024-06-06,New York
157,Dannye,Kingzeth,dkingzeth4c@nasa.gov,Brazil,,2024-05-20,Brasilia
158,Lorena,De la Yglesia,,United States,,2024-09-26,Washington D.C.
159,Krissy,Mehmet,kmehmet4e@foxnews.com,Brazil,,2024-09-10,Rio de Janeiro
160,Hedvige,Jacquemard,,Brazil,,2025-07-31,São Paulo
161,Jerrine,Goozee,jgoozee4g@ca.gov,Brazil,+556316743,2024-10-03,Brasilia
162,Deane,McWaters,dmcwaters4h@digg.com,Brazil,+552740992,2024-03-13,São Paulo
163,Chastity,Aveson,,Argentina,+54115267439,2024-08-30,Buenos Aires
164,Reiko,Bartunek,,United States,,2024-11-28,New York
165,Ira,Warlock,iwarlock4k@vinaora.com,United States,,2025-03-18,
166,Melissa,M'Quharg,,Argentina,,2025-06-12,Buenos Aires
167,Grethel,Biggadyke,,Brazil,+551114394,2025-02-03,Rio de Janeiro
168,Vi,Joy,,Brazil,,2025-01-27,Brasilia
169,Ronny,Vickarman,,Brazil,,2024-07-15,Brasilia
170,Sarette,Philipeaux,sphilipeaux4p@ustream.tv,United States,+0014112684,2025-04-05,New York
171,Rivkah,MacGille,,Argentina,+54111612708,2025-07-07,Buenos Aires
172,Anderson,De Cruz,adecruz4r@squidoo.com,Argentina,,2024-02-14,Rosario
173,Fern,Bellham,fbellham4s@cisco.com,Brazil,+554640595,2025-05-03,Brasilia
174,Cristen,Cauldwell,,Argentina,,2025-08-06,Rosario
175,Gladi,Gaye,ggaye4u@123-reg.co.uk,Brazil,,2025-11-20,Brasilia
176,Maisie,Lantry,,Brazil,,2025-05-20,Brasilia
177,Pablo,Josebury,pjosebury4w@java.com,United States,,2025-04-27,Washington D.C.
178,Emmey,Tulip,etulip4x@addtoany.com,Brazil,,2025-06-21,Brasilia
179,Basilio,Sharrem,,Brazil,+557654478,2024-03-03,Brasilia
180,Hieronymus,Laible,,Brazil,,2024-04-15,
181,Rudiger,Goscomb,rgoscomb50@tumblr.com,Brazil,+556071181,2025-06-02,Brasilia
182,Brigid,Bushrod,bbushrod51@php.net,Argentina,,2024-09-13,Buenos Aires
183,Deeann,Burbank,,United States,,2025-10-16,
184,Nealson,Curgenuer,,Brazil,,2025-04-10,Brasilia
185,Felice,O'Cridigan,focridigan54@blogs.com,Argentina,+54115488361,2025-05-26,
186,Tommie,Petr,tpetr55@home.pl,Brazil,,2024-02-03,São Paulo
187,Inge,Mulvey,imulvey56@digg.com,Brazil,+552203539,2024-01-26,Brasilia
188,Brien,Spurman,bspurman57@adobe.com,Brazil,+558722889,2024-08-30,Brasilia
189,Gaby,Bremeyer,gbremeyer58@w3.org,Brazil,+555126917,2025-06-24,Brasilia
190,Maxi,Kyles,mkyles59@google.ca,Brazil,,2024-11-01,Brasilia
191,Rosemaria,Bisset,rbisset5a@si.edu,Brazil,,2024-04-28,Brasilia
192,Angelico,Cutress,acutress5b@deviantart.com,United States,+0017839681,2024-02-29,Washington D.C.
193,Dniren,Dalley,,Brazil,+557301048,2025-06-06,Brasilia
194,Sapphira,Merrigan,,Argentina,+54118302208,2025-07-19,Buenos Aires
195,Bartel,Ridolfo,bridolfo5e@issuu.com,United States,,2024-06-02,
196,Mela,Eaklee,meaklee5f@salon.com,Brazil,,2025-09-19,Brasilia
197,Zia,Burnapp,zburnapp5g@opera.com,Argentina,,2025-01-01,Buenos Aires
198,Austen,Hatt,,Argentina,,2024-07-17,Buenos Aires
199,Lebbie,Pentland,lpentland5i@mayoclinic.com,Brazil,+557236734,2024-05-12,São Paulo
200,Christa,Dunbar,,Argentina,,2025-02-24,Buenos Aires
201,Kirsti,Kern,kkern5k@miitbeian.gov.cn,Brazil,,2025-06-12,Brasilia
202,Celine,Sainter,,United States,+0011802490,2025-08-02,
203,Dex,Henric,,Argentina,+54116304632,2024-07-04,Buenos Aires
204,Jerrilee,Ochiltree,,Brazil,,2024-09-13,Brasilia
205,Fidole,Anderton,fanderton5o@xinhuanet.com,Brazil,,2025-05-06,Brasilia
206,Rufe,Sleit,rsleit5p@rediff.com,Argentina,,2025-01-25,Buenos Aires
207,Rikki,MacIlraith,rmacilraith5q@huffingtonpost.com,Brazil,,2025-05-19,Brasilia
208,Hugh,Eccleshare,heccleshare5r@boston.com,United States,,2025-05-18,New York
209,Brett,Palister,,Brazil,+558847514,2024-05-18,Brasilia
210,Elbertine,Campkin,,Brazil,+554597631,2024-08-10,Rio de Janeiro
211,Liza,Clac,lclac5u@histats.com,Uruguay,,2024-08-05,Maldonado
212,Willem,Wenderott,,United States,+0014405658,2024-04-20,Washington D.C.
213,Douglass,Bullingham,dbullingham5w@unesco.org,Brazil,+553180598,2024-01-23,São Paulo
214,Walton,Salmen,,Chile,,2024-04-05,Santiago
215,Jesse,Jeanet,jjeanet5y@princeton.edu,United States,,2024-12-11,Washington D.C.
216,Byrle,Bullick,bbullick5z@discuz.net,Argentina,+54115804842,2025-06-12,Córdoba
217,Jennine,Moberley,jmoberley60@imdb.com,Brazil,,2025-02-05,São Paulo
218,Everett,Flory,,Brazil,,2024-12-09,
219,Sayre,Vassano,svassano62@live.com,Brazil,,2024-06-20,
220,Jerrie,Brandi,,Brazil,+557979222,2024-05-19,
221,Ardyth,Dobbison,adobbison64@imgur.com,United States,+0018789969,2025-03-29,New York
222,Alano,Sherrington,asherrington65@sfgate.com,Brazil,,2025-11-12,
223,Edik,Inchbald,,Brazil,,2024-08-28,
224,Margareta,Fassan,mfassan67@dailymail.co.uk,Brazil,,2025-06-26,Brasilia
225,Karoline,Kennedy,kkennedy68@macromedia.com,Brazil,+551976320,2025-02-24,Brasilia
226,Fidel,Reolfo,freolfo69@jigsy.com,Brazil,,2025-10-17,Brasilia
227,Georgena,Coverley,gcoverley6a@businessweek.com,Brazil,,2025-11-21,São Paulo
228,Denny,Lean,,Argentina,,2025-04-03,Buenos Aires
229,Giorgia,Jerok,gjerok6c@japanpost.jp,Argentina,,2024-06-28,Rosario
230,Onida,Aykroyd,oaykroyd6d@printfriendly.com,United States,,2024-07-08,Los Angeles
231,Carlyn,Brouwer,cbrouwer6e@tripadvisor.com,Brazil,,2025-09-21,Brasilia
232,Marcellus,Inston,,Brazil,,2025-06-14,Brasilia
233,Bernadette,Ledwidge,bledwidge6g@nydailynews.com,Brazil,+559806100,2024-03-30,Brasilia
234,Ralina,Vasler,rvasler6h@nsw.gov.au,Argentina,,2024-12-30,Buenos Aires
235,Eloisa,Lower,,United States,+0018438075,2024-10-09,Washington D.C.
236,Woodrow,Woodwind,wwoodwind6j@ca.gov,Brazil,,2024-08-06,São Paulo
237,Murielle,Menchenton,,United States,,2024-01-07,Washington D.C.
238,Bonnie,Stormes,,Brazil,,2025-02-19,Rio de Janeiro
239,Aland,McGillreich,,Brazil,,2024-01-28,Rio de Janeiro
240,Zabrina,Lorenc,,Brazil,+551739734,2025-03-01,
241,Carly,Crenage,ccrenage6o@dailymotion.com,Brazil,,2024-01-27,Brasilia
242,Bunni,Dishmon,,United States,+0011648510,2025-04-13,Washington D.C.
243,Wallie,Woolham,,Brazil,,2025-02-12,São Paulo
244,Zarah,Quare,,Argentina,,2024-03-30,Buenos Aires
245,Mead,Besant,,United States,,2024-09-25,Washington D.C.
246,Gerrie,Betun,,Argentina,,2024-01-18,Buenos Aires
247,Germaine,Hargey,ghargey6u@columbia.edu,Argentina,,2025-06-25,Buenos Aires
248,Rodolph,Baskett,,Brazil,,2024-07-27,Brasilia
249,Sabine,Blabey,,Brazil,,2024-09-26,Brasilia
250,Marni,Skyppe,mskyppe6x@gov.uk,Brazil,+554029216,2025-03-24,Brasilia
251,Fulton,Itzhaki,fitzhaki6y@privacy.gov.au,Brazil,+552203741,2025-05-28,Brasilia
252,Seka,Brazel,,Brazil,,2024-08-23,São Paulo
253,Myrtia,Beaves,,Brazil,+554235096,2025-05-11,
254,Ashlee,Burmingham,aburmingham71@toplist.cz,Argentina,+54114834262,2025-01-08,Buenos Aires
255,Iseabal,Champley,,United States,,2024-01-25,Washington D.C.
256,Shadow,Tale,,Brazil,,2025-04-27,São Paulo
257,Glori,Sweeney,,Brazil,,2024-10-18,São Paulo
258,Ursala,Puden,upuden75@myspace.com,Brazil,,2024-12-14,Brasilia
259,Whitney,Ivshin,,Brazil,+558983839,2025-03-03,Brasilia
260,Loralyn,Tebbe,,Brazil,+553634756,2024-01-02,
261,Mozelle,Olcot,,United States,,2024-07-08,Washington D.C.
262,Hieronymus,Gair,hgair79@yellowbook.com,Argentina,+54118387033,2024-09-29,
263,Munroe,Wills,mwills7a@issuu.com,Argentina,,2025-01-14,Buenos Aires
264,Rora,Lamb,,United States,+0015085222,2025-02-13,Washington D.C.
265,Gay,Wintringham,,United States,,2025-08-05,Washington D.C.
266,Kathrine,Hawton,,Argentina,,2025-07-20,Córdoba
267,Whitman,Gero,,United States,,2025-08-05,Washington D.C.
268,Mirilla,McClenaghan,,United States,,2024-10-01,
269,Elias,Binion,ebinion7g@buzzfeed.com,Brazil,+552852788,2024-02-19,Brasilia
270,Philbert,Sole,psole7h@telegraph.co.uk,Brazil,,2025-04-23,Rio de Janeiro
271,Dun,Keable,dkeable7i@google.it,United States,,2024-06-05,Washington D.C.
272,Fifine,Bartzen,fbartzen7j@homestead.com,Brazil,+554772011,2025-06-18,Brasilia
273,Kathy,Turmel,kturmel7k@vinaora.com,Brazil,,2025-01-27,São Paulo
274,Rhodie,Calderwood,rcalderwood7l@reuters.com,Brazil,,2024-02-23,Brasilia
275,Merissa,Stannas,,Brazil,+558686664,2025-07-04,
276,Johnathan,Von Welldun,,United States,,2025-09-10,Washington D.C.
277,Donia,Gaspero,dgaspero7o@examiner.com,Uruguay,+59893728530,2024-04-19,Canelones
278,Moss,Dibble,,United States,+0013587681,2025-06-21,Los Angeles
279,Row,Doghartie,rdoghartie7q@istockphoto.com,United States,,2025-08-18,Washington D.C.
280,Cozmo,Axleby,caxleby7r@japanpost.jp,United States,,2025-11-14,Washington D.C.
281,Valery,Domange,vdomange7s@surveymonkey.com,Brazil,+558519942,2025-06-18,Brasilia
282,Haywood,Atthow,hatthow7t@businesswire.com,Brazil,+558862893,2025-06-25,São Paulo
283,Hortensia,Height,hheight7u@newyorker.com,Brazil,,2025-09-07,Brasilia
284,Tatum,McSparran,tmcsparran7v@house.gov,Chile,+0009479142,2024-06-20,Santiago
285,Vitoria,Mattack,vmattack7w@over-blog.com,Argentina,,2024-12-30,Buenos Aires
286,Stanleigh,Ebbs,,Brazil,,2024-06-01,Brasilia
287,Herbert,Gosnall,hgosnall7y@imdb.com,Chile,+0006430462,2024-12-27,Santiago
288,Cornelle,MacGill,cmacgill7z@unicef.org,United States,,2024-07-16,Washington D.C.
289,Linnet,Pickard,lpickard80@dropbox.com,Brazil,,2025-06-26,Rio de Janeiro
290,Monah,Burnitt,mburnitt81@oakley.com,United States,,2024-01-10,New York
291,Irvine,MacMurray,imacmurray82@list-manage.com,Brazil,,2025-08-01,Brasilia
292,Meir,Prangle,mprangle83@baidu.com,United States,,2024-03-16,Washington D.C.
293,Sherm,Rembaud,srembaud84@cnn.com,Uruguay,+59868089102,2024-03-22,Montevideo
294,Abbie,Elgood,,Chile,,2024-07-10,Santiago
295,Bondon,Storie,bstorie86@umn.edu,Brazil,+552082809,2024-04-04,Brasilia
296,Derby,Coller,,Brazil,,2025-08-01,Brasilia
297,Sharona,Farry,sfarry88@photobucket.com,Brazil,,2025-05-07,Brasilia
298,Olympia,Syseland,,United States,,2024-08-02,New York
299,Donaugh,Josef,djosef8a@parallels.com,United States,,2024-05-19,New York
300,Rhody,Blazi,rblazi8b@skyrock.com,Brazil,,2025-01-01,São Paulo
301,Torrance,Lasham,tlasham8c@prlog.org,Brazil,+551720932,2024-11-18,Brasilia
302,Ellissa,Barabich,ebarabich8d@feedburner.com,Uruguay,,2025-06-15,Montevideo
303,Marianne,Elegood,melegood8e@webs.com,Uruguay,,2024-12-22,Montevideo
304,Dyanne,Witherington,dwitherington8f@ibm.com,Argentina,+54116730070,2024-06-28,
305,Ardith,Liston,aliston8g@msu.edu,United States,,2024-12-10,Washington D.C.
306,Heda,Avent,,Argentina,,2024-05-17,Buenos Aires
307,Henry,Kerrey,,Brazil,,2024-10-29,Brasilia
308,Nessa,Mothersdale,nmothersdale8j@statcounter.com,United States,,2024-09-29,
309,Nona,Debenham,ndebenham8k@xinhuanet.com,Brazil,,2024-08-04,Brasilia
310,Ara,Bouttell,abouttell8l@jiathis.com,Argentina,,2025-03-03,Buenos Aires
311,Sherri,Luigi,sluigi8m@cnbc.com,Argentina,+54118821955,2025-02-03,Buenos Aires
312,Johannah,Laurencot,jlaurencot8n@disqus.com,United States,+0019671629,2024-11-13,Los Angeles
313,Miran,Gonnely,mgonnely8o@va.gov,Brazil,,2024-03-24,
314,Hazel,Coulthurst,hcoulthurst8p@tiny.cc,Brazil,,2025-03-10,São Paulo
315,Hildegarde,Beagles,,United States,,2025-05-19,Washington D.C.
316,Helaina,Greenshields,,Brazil,+552741325,2024-02-03,Brasilia
317,Kore,Pitchers,kpitchers8s@cargocollective.com,Brazil,,2025-02-26,Brasilia
318,Rand,Measures,rmeasures8t@statcounter.com,Chile,+0009131314,2025-10-11,
319,Bastian,Powner,,Brazil,+556172213,2025-05-08,Brasilia
320,Aurthur,Ragsdale,aragsdale8v@dedecms.com,Brazil,+551833182,2024-11-15,Brasilia
321,Christan,Kornilyev,,Brazil,,2024-06-09,Brasilia
322,Sheila-kathryn,Skeldon,sskeldon8x@businesswire.com,Chile,+0005926152,2024-11-14,Santiago
323,Franny,Pllu,fpllu8y@bbc.co.uk,United States,,2024-08-15,Washington D.C.
324,Lexy,Seywood,lseywood8z@telegraph.co.uk,United States,,2024-02-20,Washington D.C.
325,Margette,Struss,mstruss90@nps.gov,United States,,2024-05-01,Washington D.C.
326,Thom,Audry,,United States,+0019996552,2025-05-26,Washington D.C.
327,Tim,Witter,twitter92@ed.gov,Argentina,,2024-08-13,Buenos Aires
328,Malissa,Legendre,,United States,+0016917044,2025-02-16,Los Angeles
329,Elysha,Penrice,epenrice94@seattletimes.com,Brazil,+557993116,2024-10-08,
330,Guillaume,Espinos,gespinos95@yale.edu,Brazil,,2024-11-07,Brasilia
331,Mercie,Godbold,,Brazil,,2025-01-14,
332,Eugenio,Laite,,United States,,2024-01-18,New York
333,Mayne,Eliassen,meliassen98@amazon.co.uk,Brazil,,2025-05-21,Brasilia
334,Derron,Knevett,,United States,,2025-11-01,Washington D.C.
335,Maynard,Buse,,Brazil,+555913121,2025-09-23,Brasilia
336,Shoshanna,Towse,,Brazil,,2024-06-30,
337,Mordy,Filby,mfilby9c@tuttocitta.it,Chile,+0006436469,2025-11-12,Santiago
338,Lanny,Petracco,lpetracco9d@com.com,Brazil,,2025-08-29,Brasilia
339,Kim,Wingar,kwingar9e@sourceforge.net,Argentina,,2024-10-22,Buenos Aires
340,Anatole,Stolze,astolze9f@sciencedaily.com,Brazil,,2024-06-11,
341,Forester,Schanke,,Chile,,2025-03-24,Valparaíso
342,Shea,Davenhill,sdavenhill9h@diigo.com,Argentina,+54117297017,2024-04-10,Buenos Aires
343,Gerome,O'Loughlin,goloughlin9i@netlog.com,Brazil,+556306168,2024-01-03,Rio de Janeiro
344,Toddy,Risdale,trisdale9j@msn.com,Brazil,,2024-02-19,São Paulo
345,Gill,Ram,gram9k@chron.com,Brazil,+552765478,2024-12-03,Brasilia
346,Natalya,Kirrens,nkirrens9l@cbsnews.com,Brazil,,2025-05-28,
347,Winny,Michelet,,Argentina,,2025-10-02,Buenos Aires
348,Martainn,Dennistoun,mdennistoun9n@trellian.com,Chile,,2025-01-16,Santiago
349,Carlota,Lello,clello9o@spiegel.de,Argentina,,2024-07-09,Buenos Aires
350,Valma,Muzzini,vmuzzini9p@samsung.com,United States,,2024-10-07,Washington D.C.
351,Sharl,Derx,sderx9q@devhub.com,Brazil,,2024-10-13,Brasilia
352,Brooke,Glendzer,bglendzer9r@smh.com.au,Brazil,,2025-06-20,Brasilia
353,Noreen,Warlton,nwarlton9s@ucsd.edu,Argentina,,2025-07-16,Córdoba
354,Esmeralda,Andrivel,eandrivel9t@icq.com,Brazil,,2024-11-08,Brasilia
355,Bobina,Barson,bbarson9u@blogs.com,Brazil,,2024-06-28,Brasilia
356,Staford,Plett,,Brazil,,2025-06-29,
357,Samuel,Mingus,smingus9w@newsvine.com,Brazil,,2024-10-31,Brasilia
358,Kean,Mapledoore,kmapledoore9x@domainmarket.com,United States,,2024-09-09,Washington D.C.
359,Creigh,Kimber,ckimber9y@pinterest.com,United States,+0011258073,2024-09-29,Washington D.C.
360,Angus,Kyllford,akyllford9z@fema.gov,Brazil,+559017621,2025-02-07,
361,Lindi,Howe,,United States,,2025-09-17,
362,Dee,Curnok,dcurnoka1@ustream.tv,United States,,2025-04-26,
363,Janet,Lucus,jlucusa2@123-reg.co.uk,Chile,,2025-09-12,Santiago
364,Lona,Albasini,lalbasinia3@nifty.com,Brazil,+553027483,2024-06-26,São Paulo
365,Johny,Easson,,United States,,2024-07-16,Los Angeles
366,Janifer,Conlon,jconlona5@mit.edu,Brazil,+557884330,2024-09-08,Brasilia
367,Morten,Northidge,,United States,,2025-04-28,New York
368,Risa,Geaveny,,United States,+0013088771,2024-11-01,
369,Mellie,Quincee,mquinceea8@canalblog.com,Argentina,,2024-03-05,Córdoba
370,Ewan,Peaple,epeaplea9@wisc.edu,Brazil,,2025-08-25,Brasilia
371,Chelsey,Venditti,,Brazil,+556583166,2024-08-11,
372,Vergil,Spears,vspearsab@washingtonpost.com,Argentina,,2024-03-04,Buenos Aires
373,Brenn,Crewes,bcrewesac@wikimedia.org,Brazil,,2024-11-26,Brasilia
374,Hallsy,Hinkins,hhinkinsad@elegantthemes.com,United States,,2025-07-31,Washington D.C.
375,Buffy,Dreakin,bdreakinae@icio.us,Brazil,+557366276,2024-06-30,Brasilia
376,Cyrille,McCaskell,cmccaskellaf@miibeian.gov.cn,Brazil,,2025-02-12,Brasilia
377,Galvan,Pilipets,gpilipetsag@pinterest.com,United States,+0019015213,2024-05-08,Los Angeles
378,Zea,Deniske,,Brazil,,2024-08-26,Brasilia
379,Marty,Bowser,,Argentina,,2024-01-24,Buenos Aires
380,Ximenes,Willmore,xwillmoreaj@shop-pro.jp,Uruguay,,2024-08-25,Montevideo
381,Leena,Ewens,lewensak@addtoany.com,United States,,2025-09-29,Washington D.C.
382,Wally,Decourcy,,Brazil,,2025-11-24,Brasilia
383,Timothy,Lowndsborough,,Brazil,,2024-11-09,Brasilia
384,Matthias,Vonasek,,Argentina,,2025-01-09,
385,Rebecca,Wellings,rwellingsao@friendfeed.com,Brazil,,2025-03-21,Rio de Janeiro
386,Merrie,Timberlake,mtimberlakeap@state.tx.us,United States,+0016813811,2025-01-26,Los Angeles
387,Gasper,Curdell,gcurdellaq@netscape.com,Brazil,,2024-07-28,Brasilia
388,Trumann,Carluccio,,United States,+0013494569,2024-12-20,New York
389,Maxie,Phillipp,,United States,,2024-07-14,Los Angeles
390,Annabal,Potbury,,United States,,2024-08-05,New York
391,Noam,Cashell,,Brazil,,2024-08-21,Rio de Janeiro
392,Ludwig,Schiementz,lschiementzav@flickr.com,United States,+0016155504,2024-08-21,Washington D.C.
393,Tab,Michael,tmichaelaw@ucoz.ru,United States,,2025-02-17,Washington D.C.
394,Sergent,Flori,sfloriax@nbcnews.com,United States,+0017310776,2024-03-27,Washington D.C.
395,Robby,Egle,,Brazil,+554177884,2025-06-04,Brasilia
396,Garwood,Troutbeck,gtroutbeckaz@comsenz.com,Brazil,,2025-09-02,Brasilia
397,Lucila,Kapiloff,lkapiloffb0@blog.com,United States,,2025-06-20,
398,Nancie,Parkisson,nparkissonb1@wikispaces.com,Brazil,+551750675,2025-02-25,Brasilia
399,Dion,Petrillo,dpetrillob2@sciencedirect.com,Brazil,,2024-09-15,Brasilia
400,Ferdy,Walewicz,fwalewiczb3@tuttocitta.it,Brazil,,2024-03-11,Brasilia
401,Karen,Parysowna,kparysownab4@wikia.com,Argentina,,2024-11-19,
402,Marcel,Milliere,mmilliereb5@hp.com,Brazil,,2024-09-13,Brasilia
403,Nial,Pashen,npashenb6@pinterest.com,Brazil,,2024-08-26,Brasilia
404,Valenka,Rapaport,vrapaportb7@is.gd,Brazil,,2024-06-10,São Paulo
405,Nona,Galer,,United States,+0019178202,2025-04-11,Washington D.C.
406,Eva,Tweddell,,Brazil,+553102553,2025-06-14,São Paulo
407,Frederik,Gaythor,fgaythorba@devhub.com,Uruguay,,2025-06-16,Canelones
408,Julissa,Philipps,jphilippsbb@biblegateway.com,Brazil,,2024-08-03,Brasilia
409,Towney,Jovanovic,,Brazil,,2025-09-15,São Paulo
410,Deanna,Calender,dcalenderbd@simplemachines.org,Argentina,+54116815883,2024-05-30,Buenos Aires
411,Bernete,Russam,,Argentina,+54115610508,2025-03-10,Buenos Aires
412,Haslett,Wolpert,hwolpertbf@usa.gov,Brazil,,2024-08-05,Brasilia
413,Del,Edrich,,Argentina,,2025-08-10,Buenos Aires
414,Myrlene,Tatton,mtattonbh@army.mil,Brazil,+552668224,2024-11-01,Brasilia
415,Neils,Hutten,,Argentina,,2025-04-15,Buenos Aires
416,Corrine,Guilliland,,United States,,2024-07-03,Washington D.C.
417,Ingeberg,Wellbeloved,iwellbelovedbk@goo.ne.jp,Argentina,,2024-11-29,Córdoba
418,Fidel,Doogan,,Brazil,,2024-03-01,São Paulo
419,Ches,Bansal,,Brazil,,2025-04-14,Rio de Janeiro
420,Faun,Blockley,,United States,,2025-11-18,New York
421,Deirdre,Varsey,,United States,,2024-06-13,Washington D.C.
422,Northrup,Micco,nmiccobp@theglobeandmail.com,Argentina,+54111446014,2024-05-26,Buenos Aires
423,Colline,Clissold,,Brazil,,2025-02-25,Rio de Janeiro
424,Margette,Grinyov,,Brazil,+557154602,2025-03-22,Rio de Janeiro
425,Cassi,Clemmow,cclemmowbs@globo.com,United States,,2024-02-14,Washington D.C.
426,Starlin,Braybrooks,sbraybrooksbt@blogspot.com,Brazil,+555592845,2024-08-20,Brasilia
427,Darrel,MacAne,,Argentina,+54114752871,2024-05-13,Buenos Aires
428,Martino,Giannassi,mgiannassibv@furl.net,United States,,2025-10-03,
429,Mercy,Tedder,,Brazil,,2024-11-21,Brasilia
430,Mahala,Thumann,,Brazil,,2024-08-05,Brasilia
431,Mei,Caldeiro,mcaldeiroby@whitehouse.gov,Brazil,,2025-04-05,
432,Prentiss,Mewburn,pmewburnbz@amazon.de,Argentina,+54116303781,2024-12-27,Buenos Aires
433,Roma,Opdenort,ropdenortc0@ca.gov,United States,,2025-03-09,
434,Adelice,McVeagh,amcveaghc1@ocn.ne.jp,Argentina,,2024-07-02,Buenos Aires
435,Monroe,Atling,,United States,,2025-10-04,Washington D.C.
436,Kristoforo,Chiommienti,,Brazil,,2025-08-14,Brasilia
437,Karel,Garthland,,United States,+0011207699,2024-09-23,
438,Liva,Stiles,,Argentina,,2025-06-01,Buenos Aires
439,Helenelizabeth,Leneve,hlenevec6@sina.com.cn,United States,,2024-10-27,Washington D.C.
440,Irene,Novill,inovillc7@wufoo.com,United States,+0016825301,2024-06-16,New York
441,Herby,Tivolier,htivolierc8@csmonitor.com,Argentina,,2025-01-04,Buenos Aires
442,Daryn,Huddy,,Argentina,,2025-01-28,Buenos Aires
443,Ramsey,Steel,,Uruguay,,2024-01-31,Montevideo
444,Bary,Durman,,United States,,2024-10-12,Los Angeles
445,Susie,Havelin,shavelincc@skype.com,United States,,2025-03-08,Washington D.C.
446,Kerrie,Beek,kbeekcd@psu.edu,Brazil,,2024-09-29,Brasilia
447,Odetta,Eastlake,oeastlakece@amazon.de,United States,,2025-10-15,New York
448,Marcille,Glasman,,United States,+0014053734,2024-04-02,Washington D.C.
449,Sari,Swaton,sswatoncg@wunderground.com,Brazil,,2024-06-01,Brasilia
450,Rutter,Ghiraldi,rghiraldich@flavors.me,Brazil,+554714238,2024-03-13,Brasilia
451,Witty,Melmore,,Argentina,+54112866682,2024-05-14,Buenos Aires
452,Ivory,Gelsthorpe,,Argentina,,2025-04-02,Buenos Aires
453,Denna,Gautrey,,Uruguay,+59810234765,2024-02-14,Canelones
454,Darrin,Lowthian,dlowthiancl@samsung.com,Brazil,+556683121,2024-06-19,Brasilia
455,Imogen,Wyvill,iwyvillcm@msn.com,Brazil,+557808468,2025-05-25,Brasilia
456,Renee,Hadland,,Brazil,,2024-08-07,
457,Vivienne,Zum Felde,vzumfeldeco@sbwire.com,Argentina,,2024-07-17,Buenos Aires
458,Aubrey,Paulat,apaulatcp@nps.gov,Brazil,,2025-03-10,Brasilia
459,Kitty,Reece,kreececq@sfgate.com,Brazil,,2024-11-29,Rio de Janeiro
460,Moss,Sillars,msillarscr@hatena.ne.jp,Brazil,+553395185,2024-03-18,Brasilia
461,Hallsy,Boutellier,hboutelliercs@eepurl.com,Argentina,+54118162974,2024-08-06,Córdoba
462,Silvain,Turrell,sturrellct@guardian.co.uk,United States,,2025-09-16,Washington D.C.
463,Natividad,Masterman,,Brazil,,2025-02-10,Brasilia
464,Margalit,Marsh,mmarshcv@parallels.com,Brazil,,2024-10-28,Rio de Janeiro
465,Sondra,Dytham,sdythamcw@chron.com,United States,,2024-01-30,Los Angeles
466,Corbie,Dalbey,cdalbeycx@narod.ru,Brazil,+558869010,2025-10-02,Brasilia
467,Ripley,Kynoch,,Brazil,,2025-04-09,São Paulo
468,Serene,Aizikov,saizikovcz@xinhuanet.com,Brazil,,2025-03-14,Brasilia
469,Collin,Gebb,,Brazil,,2025-06-24,Brasilia
470,Felicle,Bullion,fbulliond1@wp.com,Argentina,,2024-03-04,Buenos Aires
471,Alexa,Peasnone,,Brazil,,2024-04-29,Brasilia
472,Spencer,Drakeley,,Brazil,,2024-02-03,Brasilia
473,Alley,Nuemann,,Brazil,+551964916,2024-07-17,Brasilia
474,Hernando,Whelpdale,,Argentina,+54117120299,2024-12-27,Buenos Aires
475,Alie,Thomazet,,United States,,2024-06-15,New York
476,Zachary,Oxer,zoxerd7@yolasite.com,Brazil,,2025-11-17,Brasilia
477,Rivi,Duell,rduelld8@princeton.edu,Argentina,+54119334009,2025-03-14,Buenos Aires
478,Mylo,Karpinski,,Brazil,,2025-10-16,Rio de Janeiro
479,Agneta,Downer,adownerda@soup.io,Argentina,,2025-01-05,Córdoba
480,Patsy,Heed,pheeddb@blogtalkradio.com,United States,,2024-03-20,
481,Shepherd,Novill,,Brazil,,2024-09-30,Brasilia
482,Earl,Pallent,epallentdd@noaa.gov,Brazil,,2025-11-01,Brasilia
483,Tynan,Palombi,tpalombide@psu.edu,Brazil,,2025-01-16,Brasilia
484,Moss,Nealy,,Brazil,,2025-08-04,
485,Natalee,Dewar,,Brazil,,2025-05-31,Brasilia
486,Verena,Ashlin,vashlindh@wp.com,United States,+0018409969,2025-07-24,Washington D.C.
487,Becca,Asquez,basquezdi@foxnews.com,Brazil,,2024-09-15,
488,Maude,Baird,,Brazil,,2024-06-02,Brasilia
489,Dalt,Nutbeem,,Brazil,,2024-12-14,Brasilia
490,Chris,Pumphrey,cpumphreydl@cam.ac.uk,Brazil,+556625628,2025-02-19,Brasilia
491,Arne,Emig,,United States,,2024-05-21,
492,Torrey,Eglise,teglisedn@sphinn.com,Brazil,,2025-04-16,São Paulo
493,Pincus,Jatczak,pjatczakdo@over-blog.com,Brazil,,2025-03-28,Brasilia
494,Allen,Tollit,atollitdp@about.com,Argentina,,2024-09-04,Buenos Aires
495,Keenan,Hunnicot,,Brazil,+558467318,2024-02-04,Rio de Janeiro
496,Aigneis,Worham,aworhamdr@bbc.co.uk,Brazil,,2024-08-24,Brasilia
497,Georges,Pride,,Brazil,+557876942,2024-04-12,Brasilia
498,Clint,Skippings,cskippingsdt@4shared.com,Brazil,+556161197,2024-07-23,São Paulo
499,Ibby,Sinden,isindendu@bizjournals.com,Brazil,+555035221,2025-11-15,São Paulo
500,Virgie,Ledgerton,vledgertondv@amazon.co.jp,Brazil,,2025-10-03,São Paulo
501,Olwen,Ketton,okettondw@amazon.de,Argentina,,2024-03-23,Buenos Aires
502,Beryl,McWhinnie,bmcwhinniedx@google.ru,United States,+0013286172,2025-08-17,Washington D.C.
503,Meredith,Ticksall,mticksalldy@blogger.com,United States,,2024-12-10,Washington D.C.
504,Merl,Hitter,mhitterdz@symantec.com,United States,,2024-09-23,Washington D.C.
505,Christiano,Callow,,Brazil,+559076194,2024-07-27,Brasilia
506,Freddy,Verman,,Brazil,,2024-04-04,Brasilia
507,Billi,Shall,,Brazil,+555962847,2024-04-07,Brasilia
508,Rodge,Dutnall,rdutnalle3@dropbox.com,United States,,2024-12-13,Washington D.C.
509,Paola,McMurty,pmcmurtye4@dot.gov,United States,+0014685694,2025-10-15,Washington D.C.
510,Lars,Cliss,lclisse5@freewebs.com,Argentina,,2025-09-26,Buenos Aires
511,Drucy,Nears,,Argentina,,2025-05-18,Buenos Aires
512,Meggi,Espada,mespadae7@51.la,United States,,2025-07-05,Washington D.C.
513,Kendre,Penton,,Argentina,+54116583193,2025-11-11,Buenos Aires
514,Jeno,Stanett,,Argentina,,2024-11-09,
515,Berta,Ascraft,,United States,+0013762669,2025-05-03,Los Angeles
516,Leone,Fradgley,,Brazil,+556836924,2025-03-31,Brasilia
517,Ralf,Carrivick,,United States,,2025-04-12,Washington D.C.
518,Anderson,Hedger,,Brazil,+553176640,2024-08-02,Brasilia
519,Rodger,Dow,rdowee@noaa.gov,Brazil,,2025-09-08,São Paulo
520,Cletus,Billo,cbilloef@last.fm,United States,,2025-07-02,Washington D.C.
521,Dominick,Shillitto,,United States,,2025-06-24,New York
522,Merwin,MacIan,,Argentina,,2025-01-10,Córdoba
523,Vanda,Hewkin,,Argentina,,2024-09-06,Buenos Aires
524,Sacha,Brambley,,Uruguay,+59817314196,2025-01-16,Montevideo
525,Gasparo,Salerg,,Brazil,,2025-04-03,Brasilia
526,Kathi,Coverdill,kcoverdillel@amazon.com,Brazil,+553022675,2024-07-31,
527,Sallee,Antonelli,santonelliem@noaa.gov,United States,,2025-07-28,Washington D.C.
528,Ferdinand,Hacking,,Chile,+0006523729,2024-06-22,Santiago
529,Nikos,Yukhnin,nyukhnineo@usatoday.com,United States,,2025-07-04,New York
530,Packston,Drinnan,pdrinnanep@geocities.jp,Brazil,,2025-11-23,São Paulo
531,Adi,Borley,,Argentina,+54119356486,2025-06-03,Buenos Aires
532,Dinnie,Sweetzer,dsweetzerer@accuweather.com,United States,+0017384654,2024-03-24,
533,Berenice,Yewdall,byewdalles@yale.edu,United States,+0019525138,2025-01-25,Washington D.C.
534,Sharlene,Whaites,swhaiteset@istockphoto.com,Argentina,,2024-11-15,Buenos Aires
535,Ritchie,Drewery,rdreweryeu@nasa.gov,Brazil,,2024-12-26,Brasilia
536,Aharon,Shiel,ashielev@independent.co.uk,Brazil,+555636671,2024-10-14,Brasilia
537,Alberik,Oultram,,United States,,2024-10-03,Washington D.C.
538,Desmund,Benduhn,dbenduhnex@sciencedaily.com,Brazil,+554057466,2025-11-09,Brasilia
539,Libbey,Bartaletti,lbartalettiey@bluehost.com,United States,,2024-08-18,New York
540,Regan,Larraway,rlarrawayez@feedburner.com,Brazil,,2024-02-19,Brasilia
541,Devlen,Brindle,,Brazil,+554590701,2024-12-14,
542,Zedekiah,Roycroft,,Brazil,+559842399,2024-01-23,Brasilia
543,Freeman,Linning,flinningf2@harvard.edu,United States,,2024-07-18,Los Angeles
544,Morganne,Fullerlove,,Argentina,,2024-04-28,Buenos Aires
545,Mohandis,Astin,,Brazil,,2025-05-16,Brasilia
546,Elvira,Raitie,,Argentina,,2025-10-08,Buenos Aires
547,Ema,McArley,,Argentina,,2024-08-06,Buenos Aires
548,Belita,Ackland,backlandf7@facebook.com,United States,+0018794886,2024-02-07,New York
549,Minni,Elder,melderf8@mail.ru,Brazil,,2024-04-10,
550,Luisa,Nand,lnandf9@jigsy.com,Brazil,,2024-09-29,Brasilia
551,Stearn,Gronav,,Argentina,,2025-01-07,Buenos Aires
552,Blakelee,Pickerin,,United States,,2025-07-21,Washington D.C.
553,Clovis,Berryann,cberryannfc@vkontakte.ru,Brazil,+552170074,2025-07-24,Brasilia
554,Bastien,Chapier,,Brazil,+558368783,2024-01-28,São Paulo
555,Alisun,Costigan,,United States,+0012831333,2024-07-06,New York
556,Jackie,Addams,,United States,+0014573681,2024-03-14,Washington D.C.
557,Belia,Lidgate,,Brazil,,2024-01-02,Brasilia
558,Barbette,McKleod,,Brazil,+555545086,2025-09-18,Rio de Janeiro
559,Horatio,O'Caine,hocainefi@twitpic.com,Brazil,,2024-09-14,São Paulo
560,Isabel,Shorto,,United States,+0019655467,2024-07-11,New York
561,Didi,Counsell,,Brazil,,2024-10-05,Brasilia
562,Elane,Cunnane,ecunnanefl@blogspot.com,Brazil,,2024-07-21,São Paulo
563,Nealon,Favel,,Argentina,+54111250323,2024-12-28,Buenos Aires
564,Loella,Tethcote,,Brazil,,2024-03-31,Brasilia
565,Lillian,Syversen,lsyversenfo@cmu.edu,Argentina,+54113450313,2025-09-18,Córdoba
566,Alta,Farress,afarressfp@ucsd.edu,Argentina,+54111389857,2025-04-01,Buenos Aires
567,Stacia,Talby,,Brazil,,2024-08-16,Brasilia
568,Kirstin,Lamblot,,Brazil,,2024-11-16,Brasilia
569,Iorgos,Beefon,ibeefonfs@ebay.co.uk,United States,+0015221943,2025-05-03,New York
570,Dory,Vido,,Brazil,+555733457,2025-07-12,Brasilia
571,Odille,Macura,,United States,+0015251666,2024-07-31,Washington D.C.
572,Mandie,Itzcovichch,mitzcovichchfv@hubpages.com,Brazil,+553797928,2024-08-22,Brasilia
573,Lucais,Pinnocke,lpinnockefw@topsy.com,United States,,2025-11-05,Los Angeles
574,Latrena,Francescozzi,,United States,,2024-09-25,Washington D.C.
575,Stormy,Phillot,,Brazil,+553428301,2024-07-11,
576,Constantina,Cowderay,,Brazil,,2024-03-22,Brasilia
577,Ketty,Finlayson,kfinlaysong0@cbslocal.com,Brazil,,2024-01-21,Rio de Janeiro
578,Romola,Tuhy,rtuhyg1@cbslocal.com,United States,,2025-03-08,Washington D.C.
579,Ingrid,Champe,ichampeg2@utexas.edu,United States,,2024-07-30,New York
580,Oralle,Dayes,odayesg3@npr.org,Brazil,+558212956,2025-06-23,Brasilia
581,Jeffy,Blackborne,jblackborneg4@reddit.com,Argentina,,2024-09-17,Rosario
582,Tiertza,McKimm,tmckimmg5@redcross.org,Brazil,+558821716,2024-01-03,Rio de Janeiro
583,Jon,Guiu,,Brazil,,2025-05-02,Brasilia
584,Erskine,Worlock,,Brazil,,2025-08-12,Brasilia
585,Camella,Lainge,,Brazil,+559848848,2024-05-13,Brasilia
586,Olenka,Money,omoneyg9@odnoklassniki.ru,Brazil,,2024-04-27,
587,Wylie,Macieiczyk,wmacieiczykga@sciencedaily.com,United States,,2025-02-13,New York
588,Caresse,Dalgleish,cdalgleishgb@zimbio.com,United States,+0013688080,2024-01-10,Washington D.C.
589,Spike,Spence,,United States,+0017914142,2025-11-08,Washington D.C.
590,Cory,Fawks,cfawksgd@blogspot.com,Uruguay,,2025-06-07,Montevideo
591,Sophia,Slayford,sslayfordge@unblog.fr,Brazil,+552372802,2024-03-17,Brasilia
592,Madlen,Zecchini,mzecchinigf@kickstarter.com,Argentina,,2025-02-22,
593,Violette,Kleinerman,,Brazil,+553282132,2024-01-07,São Paulo
594,Brit,Giacobilio,bgiacobiliogh@1und1.de,United States,,2024-09-22,Los Angeles
595,Stepha,Lantuffe,,United States,,2025-03-11,New York
596,Layne,Marusyak,,Brazil,+554529788,2024-09-02,Brasilia
597,Dwayne,Hender,dhendergk@woothemes.com,Brazil,,2025-05-18,Brasilia
598,Eryn,Yell,,Brazil,,2025-02-07,
599,Dalila,Espley,,Argentina,,2025-05-31,Buenos Aires
600,Danice,Matthiesen,,United States,+0018799644,2024-07-17,New York
601,Kristien,Brislane,kbrislanego@ftc.gov,Brazil,+552754168,2024-05-07,Brasilia
602,Jarid,Lally,jlallygp@surveymonkey.com,Brazil,+558559987,2024-10-25,Brasilia
603,Augustin,Bogges,aboggesgq@msn.com,Brazil,,2024-05-16,Brasilia
604,Stafford,O'Heffernan,soheffernangr@ibm.com,United States,,2025-01-20,Washington D.C.
605,Dunn,Anton,dantongs@yelp.com,Brazil,,2025-01-22,Brasilia
606,Kimberly,Cliff,,United States,,2024-10-26,Washington D.C.
607,Teddi,Kitchiner,,Brazil,,2024-06-03,
608,Duncan,Sedgebeer,dsedgebeergv@cbslocal.com,Brazil,,2024-09-22,Brasilia
609,Inglis,Primarolo,iprimarologw@alexa.com,Brazil,,2024-02-01,Brasilia
610,Sharai,Cottisford,scottisfordgx@nature.com,Argentina,+54115085693,2024-02-27,
611,Ezri,Rothschild,,Brazil,,2024-11-08,Brasilia
612,Valma,Jonin,vjoningz@webs.com,Brazil,+553646969,2024-06-02,Rio de Janeiro
613,Briano,Ivery,biveryh0@stumbleupon.com,Brazil,+555381487,2025-09-17,São Paulo
614,Shandee,Knotte,sknotteh1@cafepress.com,Argentina,,2024-12-16,Buenos Aires
615,Hilarius,Tremblay,htremblayh2@sbwire.com,Argentina,,2024-12-02,
616,Wolf,Bottomley,,Brazil,,2025-07-22,Brasilia
617,Elwyn,Stanley,,United States,+0011488626,2024-12-02,Washington D.C.
618,Dieter,Santo,dsantoh5@wordpress.com,Brazil,+555656179,2025-06-14,Brasilia
619,Lindon,Middleditch,,United States,,2025-03-08,Washington D.C.
620,Rees,Evitt,,Brazil,+556059348,2024-01-27,Rio de Janeiro
621,Verna,Gollop,vgolloph8@unesco.org,Argentina,+54113641419,2025-02-16,Buenos Aires
622,Minnie,Murrells,mmurrellsh9@live.com,Brazil,,2024-04-06,Brasilia
623,Gabriela,Beushaw,gbeushawha@etsy.com,Brazil,+552437515,2024-11-04,
624,Karissa,Mountain,,Brazil,+553004417,2024-10-06,Brasilia
625,Eleanore,Blueman,ebluemanhc@google.fr,United States,,2024-04-24,New York
626,Elbert,Mengo,emengohd@home.pl,Brazil,,2024-03-04,Rio de Janeiro
627,Giorgi,Wyd,gwydhe@freewebs.com,Argentina,+54115430156,2024-06-29,
628,Leilah,Pady,lpadyhf@aol.com,Brazil,,2024-12-06,São Paulo
629,De witt,Thinn,dthinnhg@github.io,Brazil,,2024-08-28,Brasilia
630,Willie,Fairclough,,Argentina,+54115840103,2024-02-20,Buenos Aires
631,Jamal,Rhead,jrheadhi@smugmug.com,Chile,+0008424079,2024-10-14,Santiago
632,Sabine,Smewings,ssmewingshj@buzzfeed.com,Argentina,,2024-03-16,Buenos Aires
633,Dimitri,Sinkinson,dsinkinsonhk@ehow.com,Brazil,,2025-05-13,Brasilia
634,Katlin,Toffoloni,,United States,,2025-01-26,Washington D.C.
635,Gilda,Tembey,,Brazil,,2024-04-15,Brasilia
636,Tracey,Vann,,Brazil,+556437506,2025-08-12,Brasilia
637,Hermy,Emmatt,,Argentina,,2025-04-08,Córdoba
638,Evey,Gillopp,,Brazil,,2024-09-09,Brasilia
639,Ronnie,Randlesome,rrandlesomehq@ucoz.ru,Argentina,,2024-12-19,Buenos Aires
640,Findley,Jearum,fjearumhr@soup.io,United States,,2024-10-01,New York
641,Zed,Valler,,United States,,2025-09-05,New York
642,Lindy,Seer,,Brazil,,2024-09-04,São Paulo
643,Kristina,Kilmartin,,United States,,2025-03-16,New York
644,Kathi,Illingsworth,,Brazil,,2024-01-29,Brasilia
645,Archie,Hyndes,ahyndeshw@symantec.com,United States,,2025-09-23,Washington D.C.
646,Jarrod,Inchan,jinchanhx@squarespace.com,Brazil,,2025-05-21,Brasilia
647,Dulcy,de Courcey,,Argentina,,2024-06-10,Buenos Aires
648,Sinclair,Dy,sdyhz@narod.ru,United States,+0015677604,2024-09-30,
649,Kelila,Kenington,kkeningtoni0@nyu.edu,Brazil,,2024-05-29,Brasilia
650,Shaw,Bugler,sbugleri1@ibm.com,United States,,2024-06-16,Washington D.C.
651,Pavia,Natt,,Argentina,,2024-09-10,Buenos Aires
652,Elmore,Segrott,,Brazil,,2025-05-26,
653,Jessamine,Pardue,,Brazil,+559168347,2024-01-16,Brasilia
654,Ulrica,Cicculini,,Argentina,,2024-10-10,Buenos Aires
655,Erna,Rontree,erontreei6@upenn.edu,Brazil,+555328219,2025-10-02,Brasilia
656,Allyn,Catling,acatlingi7@discovery.com,United States,,2025-02-26,New York
657,Karine,Kindle,,Brazil,,2025-09-17,Rio de Janeiro
658,Kathryne,Raffin,kraffini9@businesswire.com,Argentina,,2025-02-23,Buenos Aires
659,Miguela,Hebbron,mhebbronia@apache.org,Brazil,,2024-08-22,São Paulo
660,Conny,Van den Dael,cvandendaelib@nytimes.com,United States,,2024-07-12,Washington D.C.
661,Siward,Cuningham,scuninghamic@wisc.edu,United States,,2024-06-17,Washington D.C.
662,Emma,Caldicot,,Brazil,+551610637,2024-11-02,Brasilia
663,Reine,Archbutt,,Brazil,,2024-07-25,Brasilia
664,Max,Abrahmer,mabrahmerif@cbsnews.com,Chile,,2025-06-09,Valparaíso
665,Lamont,Luciani,llucianiig@adobe.com,United States,+0016066447,2025-03-27,Washington D.C.
666,Tait,Barsham,,Brazil,+555380110,2024-11-04,Brasilia
667,Ruben,Esilmon,resilmonii@google.co.jp,Brazil,,2024-08-09,Brasilia
668,Pooh,Checklin,,Brazil,,2024-10-14,Brasilia
669,Hilde,Imore,himoreik@tinyurl.com,Brazil,+556278700,2025-08-23,São Paulo
670,Melisent,Dudenie,,Brazil,,2024-09-13,Brasilia
671,Oswell,Pendry,,Brazil,,2025-02-12,São Paulo
672,Kariotta,Shrubsall,,Argentina,,2024-11-17,Buenos Aires
673,Rory,Keyes,rkeyesio@tuttocitta.it,Argentina,+54115698407,2024-09-16,
674,Marie-ann,Boag,,Brazil,,2024-02-01,Rio de Janeiro
675,Latisha,McCarlich,lmccarlichiq@altervista.org,United States,,2024-11-30,Washington D.C.
676,Pietra,Capstick,pcapstickir@flickr.com,Brazil,,2025-02-05,Rio de Janeiro
677,Neddy,Brunger,nbrungeris@bravesites.com,Brazil,+553348314,2024-11-09,Brasilia
678,Deloria,Welbrock,,Brazil,,2024-02-24,São Paulo
679,Mandie,Riedel,mriedeliu@google.it,Brazil,,2025-03-25,Brasilia
680,Hoyt,Issard,,Brazil,+554368476,2025-09-14,Brasilia
681,Alanah,Josland,,Argentina,,2025-01-24,Buenos Aires
682,Verina,Brigshaw,vbrigshawix@free.fr,United States,,2024-08-02,New York
683,Indira,MacNamee,,Brazil,,2024-03-10,Brasilia
684,Aldon,Arnault,aarnaultiz@wordpress.org,Brazil,+552102373,2025-09-17,Brasilia
685,Tamma,Hurich,thurichj0@mapquest.com,United States,,2025-05-16,New York
686,Roxana,Glassup,rglassupj1@cam.ac.uk,United States,,2025-04-01,Washington D.C.
687,Horace,Branno,hbrannoj2@amazonaws.com,Brazil,+558034408,2024-07-22,Brasilia
688,Cully,St. Aubyn,cstaubynj3@bluehost.com,Brazil,,2024-12-06,Brasilia
689,Issi,Reims,ireimsj4@github.com,Brazil,+553519686,2024-04-09,Brasilia
690,Maudie,Barry,,United States,,2025-10-29,Washington D.C.
691,Dannie,Sperwell,dsperwellj6@google.co.jp,Brazil,,2025-09-13,São Paulo
692,Delores,Boord,,United States,,2025-03-03,New York
693,Currey,Beadel,cbeadelj8@purevolume.com,United States,+0019385905,2024-08-25,New York
694,Fletch,Mulvy,,Brazil,,2024-06-20,
695,Danya,Di Giorgio,ddigiorgioja@blogger.com,United States,,2024-04-02,Los Angeles
696,Benson,Domokos,,Brazil,,2024-07-13,Brasilia
697,Monro,Relfe,,Brazil,,2025-11-25,Brasilia
698,Asher,Hoofe,,Brazil,,2024-05-09,Brasilia
699,Quillan,Astle,qastleje@dagondesign.com,United States,,2024-06-10,Los Angeles
700,Tiena,Eddoes,teddoesjf@dot.gov,Brazil,+555162844,2024-07-23,São Paulo
701,Kerby,Shernock,kshernockjg@npr.org,United States,,2024-03-27,Washington D.C.
702,Matt,Bayman,mbaymanjh@google.nl,Brazil,,2024-10-23,Brasilia
703,Lela,Ponnsett,lponnsettji@nbcnews.com,United States,,2025-01-15,Washington D.C.
704,Eugenio,Greenly,egreenlyjj@ycombinator.com,Argentina,,2025-01-26,Buenos Aires
705,Bernice,Clitsome,bclitsomejk@howstuffworks.com,United States,,2024-04-26,Washington D.C.
706,Mark,Trytsman,mtrytsmanjl@sphinn.com,United States,,2025-10-05,Washington D.C.
707,Kris,Vipan,kvipanjm@cnn.com,United States,,2025-02-10,New York
708,Hunt,Christer,,Argentina,,2025-11-07,Buenos Aires
709,Tiffani,Jaffrey,,Brazil,,2025-03-23,Brasilia
710,Ivonne,Onthank,,Uruguay,,2024-10-21,Montevideo
711,Oran,Digweed,odigweedjq@last.fm,Brazil,+558368777,2025-01-10,Brasilia
712,Mehetabel,Addicott,maddicottjr@cnn.com,Brazil,,2024-02-27,Brasilia
713,Gamaliel,Reinbeck,greinbeckjs@hostgator.com,United States,,2024-02-12,New York
714,Lurleen,McClounan,,Argentina,,2025-03-29,Buenos Aires
715,Ellswerth,Pfeffer,,Uruguay,,2024-04-05,Montevideo
716,Efren,Sivill,,Argentina,,2025-04-23,Buenos Aires
717,Shayne,De Anesy,,Brazil,,2025-01-05,Brasilia
718,Katuscha,Heinish,kheinishjx@house.gov,Argentina,,2025-04-13,Buenos Aires
719,Aurea,Hatley,ahatleyjy@wikispaces.com,Brazil,,2024-08-15,Brasilia
720,Loraine,Antoinet,,Brazil,,2025-06-24,
721,Morgun,Hackworthy,mhackworthyk0@youtube.com,Brazil,,2025-05-21,Brasilia
722,Domini,Magson,dmagsonk1@meetup.com,United States,,2024-03-22,Los Angeles
723,Ramsey,Fayerbrother,rfayerbrotherk2@last.fm,Brazil,+551345282,2024-02-13,Brasilia
724,Cherie,Senior,,Chile,+0006850945,2025-11-22,Santiago
725,Beauregard,Pedycan,bpedycank4@eventbrite.com,United States,,2025-05-25,Washington D.C.
726,Vern,Bellwood,,United States,+0011568886,2024-03-11,
727,Ingemar,Godspeede,igodspeedek6@mozilla.org,Chile,,2024-11-07,Santiago
728,Felicio,Ready,freadyk7@mysql.com,Argentina,,2025-08-17,Buenos Aires
729,Ava,Van der Krui,,Brazil,,2024-07-03,Brasilia
730,Nat,Veld,nveldk9@bing.com,United States,,2024-04-30,Washington D.C.
731,Curtice,MacDunlevy,,United States,,2024-03-03,New York
732,Ira,Beamont,ibeamontkb@weather.com,United States,,2024-07-08,New York
733,Maurizia,Cluley,,United States,,2024-05-19,Washington D.C.
734,Tabby,Norris,,United States,,2025-08-04,Los Angeles
735,Brigit,Ioselevich,,Brazil,,2024-12-08,Brasilia
736,Tabbatha,Maybury,tmayburykf@ask.com,United States,,2025-08-10,Washington D.C.
737,Denny,Iglesias,,Brazil,+558017718,2025-08-29,Brasilia
738,Julina,Dallender,jdallenderkh@shutterfly.com,Brazil,+559315135,2025-08-08,São Paulo
739,Reynold,Leare,rleareki@mozilla.org,Brazil,,2025-01-14,Brasilia
740,Hester,Caseri,hcaserikj@biglobe.ne.jp,Brazil,,2024-10-04,São Paulo
741,Aluin,Hanrahan,,Brazil,,2025-05-12,Brasilia
742,Lisabeth,Fishburn,,United States,,2024-02-14,Washington D.C.
743,Rowland,Hoyles,,United States,,2025-07-24,Washington D.C.
744,Dale,Hampson,,Brazil,,2024-11-02,Brasilia
745,Karon,Klemencic,kklemencicko@fc2.com,Brazil,,2025-10-21,Brasilia
746,Heda,Tunnacliffe,,United States,,2024-08-18,Los Angeles
747,Olin,Bratcher,obratcherkq@guardian.co.uk,United States,,2024-08-29,Los Angeles
748,Bat,Idwal Evans,bidwalevanskr@cafepress.com,Brazil,,2024-06-13,São Paulo
749,Dorie,Middas,,United States,,2024-12-18,Washington D.C.
750,Pavlov,Knowles,pknowleskt@biglobe.ne.jp,United States,+0019601713,2025-07-05,New York
751,Gaynor,Crace,gcraceku@so-net.ne.jp,Argentina,,2025-01-29,Córdoba
752,Merline,Backler,,United States,+0016278705,2025-07-15,
753,Asher,Boothman,,Brazil,,2024-11-12,Brasilia
754,Anneliese,Wickey,awickeykx@tumblr.com,United States,,2025-08-13,Washington D.C.
755,Mirella,Jahn,mjahnky@a8.net,Brazil,,2025-07-02,
756,Worth,Attwoull,wattwoullkz@guardian.co.uk,Brazil,,2025-10-03,Rio de Janeiro
757,Berky,Resdale,,Brazil,,2024-10-15,Brasilia
758,Mayne,Husher,,Brazil,,2024-09-07,
759,Bertina,Girdwood,,United States,+0012296295,2024-09-09,
760,Kennan,Mathison,kmathisonl3@jiathis.com,Argentina,+54115011429,2025-02-19,Buenos Aires
761,Isiahi,Stebbings,istebbingsl4@ted.com,United States,,2024-01-23,Washington D.C.
762,Uri,Frick,,Brazil,,2025-04-30,São Paulo
763,Ermengarde,Botha,ebothal6@paginegialle.it,Argentina,+54112491854,2025-11-07,Buenos Aires
764,Janey,Coull,jcoulll7@t-online.de,Brazil,+557676892,2025-03-13,Brasilia
765,Dill,Bloore,dbloorel8@howstuffworks.com,Brazil,,2025-08-28,Brasilia
766,Judye,MacDuffie,jmacduffiel9@tumblr.com,Brazil,+557386310,2025-10-20,Brasilia
767,Aldis,Langlands,,United States,,2025-08-09,Washington D.C.
768,Hesther,Antonoyev,,Brazil,+558442783,2024-08-21,Brasilia
769,Melodie,Verdey,,Brazil,,2024-08-28,Brasilia
770,Cesya,Pickless,,Brazil,+555129939,2024-08-29,Brasilia
771,Thomas,Miranda,,Brazil,,2025-11-06,Brasilia
772,Elladine,Tulley,etulleylf@bloomberg.com,United States,,2024-03-24,Washington D.C.
773,Davida,Birdsall,dbirdsalllg@twitpic.com,United States,+0018628358,2024-11-25,Washington D.C.
774,Clarita,Cragoe,ccragoelh@w3.org,Brazil,,2025-11-19,Brasilia
775,Andrei,Lightwing,alightwingli@bbc.co.uk,Argentina,,2024-04-03,Buenos Aires
776,Tiff,Wesley,twesleylj@meetup.com,Argentina,,2025-09-23,Buenos Aires
777,Ardelle,Dudlestone,,Brazil,,2024-05-01,Brasilia
778,Toma,Lammiman,,Argentina,,2024-02-05,Buenos Aires
779,Belvia,Goodson,bgoodsonlm@eventbrite.com,United States,,2025-05-21,New York
780,Randal,Terbrugge,rterbruggeln@xrea.com,Argentina,,2025-05-23,
781,Stanleigh,Bavester,sbavesterlo@ning.com,Brazil,+552998191,2024-07-31,Brasilia
782,Gwyneth,Brettle,gbrettlelp@yolasite.com,United States,+0017041193,2024-03-14,New York
783,Karlotte,O'Dowling,,United States,+0016336502,2024-01-07,Washington D.C.
784,Gwendolin,Farrin,gfarrinlr@ebay.co.uk,Brazil,,2024-02-14,Brasilia
785,Janet,Drinnan,jdrinnanls@tripod.com,Argentina,,2024-07-23,
786,Cherrita,Petrenko,cpetrenkolt@ebay.co.uk,United States,,2024-02-26,Washington D.C.
787,Kata,Kolak,kkolaklu@weebly.com,Argentina,,2025-08-30,Buenos Aires
788,Moritz,Bovis,mbovislv@cpanel.net,Brazil,+554359162,2024-07-05,Brasilia
789,Ferdie,Glascott,fglascottlw@xinhuanet.com,Brazil,,2024-01-26,Brasilia
790,Emmanuel,Dunkerton,,United States,,2024-09-11,Washington D.C.
791,Meade,Venes,,Argentina,,2025-09-18,Buenos Aires
792,Robbie,Goffe,rgoffelz@stanford.edu,United States,,2025-04-17,
793,Lenette,Claxson,lclaxsonm0@amazon.co.uk,Brazil,,2024-11-11,Brasilia
794,Brittany,Hayball,bhayballm1@berkeley.edu,United States,,2025-04-17,Washington D.C.
795,Cassaundra,Hadeke,chadekem2@msn.com,Brazil,,2024-12-16,Brasilia
796,Florrie,Hadfield,,Brazil,,2024-02-02,
797,Jeffie,Christaeas,jchristaeasm4@seattletimes.com,Brazil,,2024-03-31,Brasilia
798,Tucky,Tully,ttullym5@bluehost.com,United States,+0016596281,2024-10-31,Washington D.C.
799,Chuck,Hartus,,United States,,2024-10-12,Washington D.C.
800,Bent,Byne,bbynem7@google.pl,Brazil,+555224605,2024-01-11,Brasilia
801,Delora,Durber,ddurberm8@blogtalkradio.com,United States,,2025-06-07,Washington D.C.
802,Carin,Bruggeman,,Argentina,,2025-04-28,Buenos Aires
803,Dacey,D'Agostini,ddagostinima@apache.org,Brazil,,2025-06-08,
804,Faber,Checcucci,fcheccuccimb@toplist.cz,Brazil,,2025-11-17,Brasilia
805,Sid,Shergill,,Argentina,,2025-07-11,
806,Leandra,Hulles,lhullesmd@seattletimes.com,United States,+0014246715,2025-08-24,Washington D.C.
807,Ynez,MacRorie,ymacrorieme@4shared.com,Argentina,,2024-01-14,
808,Raddy,Hellings,,United States,,2025-07-03,Washington D.C.
809,Annalise,Paszak,apaszakmg@icio.us,United States,+0018295501,2025-09-10,New York
810,Norry,Bernon,,Brazil,,2025-03-26,Brasilia
811,Gail,Antonich,gantonichmi@sbwire.com,Chile,,2024-02-07,
812,Jethro,Georgel,,Argentina,,2024-01-15,Buenos Aires
813,Bentley,Lackney,,United States,,2024-11-04,New York
814,Ardenia,Brute,abruteml@google.de,United States,+0015257242,2024-01-09,Washington D.C.
815,Ravi,Irvine,rirvinemm@webs.com,Brazil,+554856077,2025-02-28,Brasilia
816,Basil,Luetkemeyer,,United States,,2024-01-15,New York
817,Cart,Trippitt,,Argentina,,2024-05-08,Buenos Aires
818,Elliott,Lerven,elervenmp@trellian.com,Argentina,,2025-10-26,Buenos Aires
819,Andrus,Spelsbury,,Brazil,+556768478,2025-11-05,
820,Rita,Kenealy,rkenealymr@oaic.gov.au,United States,+0013261302,2025-10-27,Washington D.C.
821,Myrlene,Peracco,,United States,,2025-06-13,Los Angeles
822,Salvador,Cadden,,Brazil,,2024-05-24,São Paulo
823,Herb,MacAlister,,United States,,2025-11-04,Washington D.C.
824,Astrix,Mundle,amundlemv@so-net.ne.jp,United States,,2024-03-10,
825,Giorgi,Beagrie,,Brazil,,2025-09-22,Brasilia
826,Budd,Ondrak,,Brazil,,2025-04-16,
827,Gabriel,McCrea,,Brazil,,2024-08-06,Brasilia
828,Pincas,Braam,pbraammz@arstechnica.com,United States,,2025-01-26,Washington D.C.
829,Lynea,Tucknott,,Brazil,+554814420,2025-06-29,
830,Melany,McQuarter,,Brazil,,2025-08-09,Brasilia
831,Edy,Waugh,ewaughn2@merriam-webster.com,Argentina,,2025-04-12,Rosario
832,Filippa,Gwyneth,,United States,,2025-01-09,
833,Aila,Mac Geaney,amacgeaneyn4@domainmarket.com,Brazil,,2025-02-17,Brasilia
834,Randal,Neighbour,,Brazil,,2025-03-12,Brasilia
835,Peggi,Heigho,,Argentina,+54112150029,2024-09-26,Buenos Aires
836,Orv,MacGrath,omacgrathn7@google.ca,Brazil,,2024-06-02,Brasilia
837,Allison,De Gogay,,United States,+0015777003,2024-07-16,Washington D.C.
838,Mirelle,Gainsborough,,United States,,2025-02-03,Washington D.C.
839,Marni,Yushkov,,Brazil,,2025-03-08,Brasilia
840,Staffard,Lorenz,slorenznb@multiply.com,Brazil,+559487849,2024-05-26,Brasilia
841,Andie,Peeters,,Argentina,+54117913783,2024-12-12,Córdoba
842,Garret,Dufoure,gdufourend@sourceforge.net,Brazil,,2025-09-02,Brasilia
843,Kev,Pirouet,,United States,,2025-08-04,Washington D.C.
844,Gisela,Branston,gbranstonnf@mayoclinic.com,Brazil,+559594742,2024-08-08,Brasilia
845,Harbert,Dudden,hduddenng@clickbank.net,United States,,2024-05-28,Washington D.C.
846,Durward,Melly,dmellynh@symantec.com,Brazil,,2024-10-21,São Paulo
847,Mehetabel,Fullilove,mfulliloveni@arstechnica.com,United States,,2024-03-01,Washington D.C.
848,Marthena,Lante,mlantenj@unc.edu,Brazil,,2025-05-02,Brasilia
849,Kristel,Grangier,kgrangiernk@mysql.com,United States,,2024-06-22,
850,Elihu,Laurence,,Brazil,+553626795,2024-08-18,Brasilia
851,Barbaraanne,Gash,bgashnm@aboutads.info,Brazil,+557376155,2025-10-05,Brasilia
852,Gunner,Cerith,,United States,,2025-05-10,Washington D.C.
853,Siusan,Govini,sgovinino@wp.com,United States,+0014718621,2024-05-14,Washington D.C.
854,Kirsteni,Dearnly,,United States,,2024-11-10,
855,Coop,Cassam,,United States,,2025-10-20,New York
856,Gideon,Dronsfield,gdronsfieldnr@prlog.org,Brazil,+558269517,2024-10-12,Brasilia
857,Hedda,Willcocks,hwillcocksns@themeforest.net,Brazil,,2025-11-11,Brasilia
858,Job,Fenton,jfentonnt@wikispaces.com,United States,,2025-07-07,Washington D.C.
859,Reuben,Oleszcuk,roleszcuknu@craigslist.org,United States,,2024-01-20,New York
860,Thatcher,Majury,,Argentina,,2025-10-19,
861,Franny,Thunderchief,fthunderchiefnw@google.pl,Brazil,,2024-03-08,Brasilia
862,Izabel,Gadault,,Argentina,+54115347363,2025-10-07,Buenos Aires
863,Evita,Sleet,,Brazil,,2024-02-07,Brasilia
864,Lauren,Gyrgorwicx,,Argentina,,2024-01-28,
865,Felizio,Tripe,ftripeo0@theatlantic.com,Brazil,+552332201,2025-08-26,Rio de Janeiro
866,Carney,Wyldes,cwyldeso1@paypal.com,United States,+0019575019,2025-09-24,Washington D.C.
867,Tana,Koppen,,Argentina,,2024-12-27,Buenos Aires
868,Marchelle,Benting,mbentingo3@rambler.ru,Brazil,,2025-07-09,Brasilia
869,Norah,Rennard,,United States,,2024-09-20,Washington D.C.
870,Cherish,McIlharga,cmcilhargao5@cpanel.net,Chile,,2025-05-08,
871,Randal,Ivins,rivinso6@engadget.com,Brazil,,2025-06-14,Brasilia
872,Abby,Faulks,afaulkso7@bigcartel.com,Brazil,,2024-05-17,Brasilia
873,Marwin,Ettery,metteryo8@unc.edu,Brazil,+553909216,2025-04-16,
874,Bryanty,Dumbreck,,United States,,2025-05-12,Washington D.C.
875,Cooper,Boays,,Brazil,+552727883,2025-04-01,Brasilia
876,Rodie,Staveley,,Brazil,,2025-11-25,Brasilia
877,Waylen,Lamartine,wlamartineoc@state.tx.us,Argentina,,2024-11-27,Buenos Aires
878,Tammi,Johann,tjohannod@skype.com,Brazil,+558512075,2024-01-29,Rio de Janeiro
879,Tamma,Newcombe,tnewcombeoe@liveinternet.ru,Brazil,+553387294,2024-01-03,Brasilia
880,Alfie,Harridge,,United States,,2024-04-08,Los Angeles
881,Armando,Reace,areaceog@e-recht24.de,Brazil,,2025-01-21,Rio de Janeiro
882,Eachelle,O'Sherrin,eosherrinoh@engadget.com,Chile,+0008234215,2024-08-19,
883,Krishnah,Rosenfeld,krosenfeldoi@w3.org,United States,,2024-03-10,Washington D.C.
884,Jake,Alu,,United States,,2024-12-24,Washington D.C.
885,Dotty,Newlyn,dnewlynok@wikispaces.com,Brazil,,2024-04-18,Brasilia
886,Merle,Sisneros,,Brazil,,2024-06-21,
887,Beatrice,Clover,,Brazil,+552926840,2024-12-31,
888,Herbert,Pagin,hpaginon@vinaora.com,Brazil,,2024-09-06,
889,Kathi,Thormann,,Brazil,,2025-08-05,São Paulo
890,Gracia,Shepeard,gshepeardop@narod.ru,United States,+0012952541,2024-06-26,New York
891,Clotilda,Cardoo,ccardoooq@ehow.com,Argentina,,2025-06-12,Córdoba
892,Clary,Brise,cbriseor@ihg.com,Argentina,+54112800927,2024-10-09,
893,Devlen,Filyukov,dfilyukovos@webmd.com,Brazil,,2024-08-08,Brasilia
894,Shelley,Le Hucquet,slehucquetot@pinterest.com,Brazil,,2024-09-04,São Paulo
895,Sergeant,Coy,scoyou@google.it,Uruguay,,2025-02-18,Canelones
896,Cayla,Cockayme,,Brazil,,2025-09-14,Brasilia
897,Hadlee,Ibbitson,,Brazil,,2025-11-21,Brasilia
898,Otes,Acey,,United States,+0014327324,2025-02-17,Washington D.C.
899,Shem,Shoesmith,,United States,,2024-02-10,Washington D.C.
900,Dewey,Boner,dboneroz@booking.com,Argentina,,2025-11-15,
901,Essie,Adshede,eadshedep0@wordpress.com,Brazil,+553756762,2025-11-22,
902,Rikki,Nucator,rnucatorp1@tinypic.com,Brazil,,2024-05-21,Brasilia
903,Cyrus,Elgar,celgarp2@harvard.edu,United States,,2025-04-30,
904,Kerwin,Crowne,kcrownep3@apache.org,Brazil,,2025-08-06,Brasilia
905,Jeniffer,Iban,jibanp4@elegantthemes.com,Brazil,,2025-03-09,
906,Tuckie,Cape,tcapep5@themeforest.net,Brazil,,2024-09-05,Rio de Janeiro
907,Angel,Finneran,afinneranp6@prweb.com,Brazil,,2024-11-18,
908,Carey,Brierton,cbriertonp7@diigo.com,Brazil,,2024-12-12,Brasilia
909,Jemima,Tarney,jtarneyp8@xinhuanet.com,United States,,2024-04-06,New York
910,Hestia,Dransfield,hdransfieldp9@angelfire.com,United States,,2024-11-08,Los Angeles
911,Kirstin,Libby,klibbypa@feedburner.com,Brazil,,2024-03-19,Rio de Janeiro
912,Irv,Duberry,,Brazil,,2024-03-24,Brasilia
913,Alfy,Janaud,ajanaudpc@baidu.com,United States,,2025-10-07,Washington D.C.
914,Graeme,Mohammed,,Argentina,,2024-04-03,Buenos Aires
915,Lianne,Noore,lnoorepe@google.fr,Brazil,,2025-02-26,Brasilia
916,Paten,Lensch,,United States,,2024-08-23,
917,Orelle,Gorton,,Argentina,+54111938060,2025-07-14,Buenos Aires
918,Aimee,Ramsey,,Argentina,,2024-10-22,Rosario
919,Fee,Treher,ftreherpi@blinklist.com,Brazil,+558064938,2025-04-02,Brasilia
920,Phoebe,Wilbore,,Argentina,+54119291748,2024-07-31,Buenos Aires
921,Fulvia,Dies,,Brazil,,2025-09-22,Brasilia
922,Jo ann,Dutnall,jdutnallpl@godaddy.com,Brazil,+558725414,2025-04-13,Rio de Janeiro
923,Neddy,Krabbe,nkrabbepm@cdbaby.com,Argentina,,2024-02-09,Córdoba
924,Christiano,Unwin,cunwinpn@goodreads.com,United States,+0013060972,2024-05-14,Washington D.C.
925,Nowell,Emburey,,Brazil,,2024-08-24,Brasilia
926,Jocko,Dinneen,,United States,,2024-07-09,Washington D.C.
927,Matteo,Berringer,mberringerpq@e-recht24.de,Brazil,+557210311,2025-06-22,Brasilia
928,Ninetta,Valentine,nvalentinepr@prnewswire.com,Brazil,,2024-11-20,
929,Benni,Dilleway,bdillewayps@dyndns.org,Argentina,,2025-09-06,Buenos Aires
930,Arielle,Munning,amunningpt@reverbnation.com,United States,+0012531818,2024-12-06,Washington D.C.
931,Joleen,Ousby,jousbypu@answers.com,Brazil,,2024-08-03,
932,Darla,Roache,droachepv@webs.com,Argentina,,2025-08-09,Buenos Aires
933,Binky,Symmers,bsymmerspw@pen.io,Brazil,,2024-12-07,Brasilia
934,Drucy,Pinxton,,Brazil,,2025-09-17,
935,Constantine,England,cenglandpy@biglobe.ne.jp,Brazil,+557351530,2025-07-13,Brasilia
936,Rhiamon,Sherbrooke,rsherbrookepz@addthis.com,United States,,2024-03-17,Washington D.C.
937,Karrah,Pachmann,,Argentina,,2025-05-08,Buenos Aires
938,Kevyn,Kinkade,kkinkadeq1@furl.net,Brazil,+559777633,2025-05-12,Brasilia
939,Nanon,Maffetti,,Brazil,,2025-09-25,Brasilia
940,Nikolia,Jarrelt,njarreltq3@nba.com,United States,,2025-01-19,Washington D.C.
941,North,Skerman,nskermanq4@nydailynews.com,Argentina,+54119788269,2025-03-17,Buenos Aires
942,Allie,Boulger,,Brazil,,2025-08-14,
943,Boonie,Hasted,,United States,,2025-03-22,Washington D.C.
944,Ax,Padrick,apadrickq7@jalbum.net,Argentina,+54111219929,2024-05-09,Buenos Aires
945,Evvie,Ferroni,,United States,,2024-01-24,
946,Aubrey,Nell,anellq9@virginia.edu,United States,,2024-11-27,New York
947,Darlleen,Flatte,dflatteqa@prlog.org,Argentina,,2024-02-23,Buenos Aires
948,Jany,Crayton,jcraytonqb@tmall.com,Brazil,+552050266,2024-03-06,Brasilia
949,Aloise,Marfell,,Brazil,+552853027,2024-07-07,Brasilia
950,Carleton,McLaren,cmclarenqd@buzzfeed.com,United States,+0019346378,2024-02-24,Washington D.C.
951,Maybelle,Eddowis,,United States,+0013474181,2025-10-22,New York
952,Trixi,Paladino,tpaladinoqf@sina.com.cn,Brazil,,2025-02-04,Brasilia
953,Corbin,Hunnywell,chunnywellqg@etsy.com,Chile,,2024-09-26,
954,Liana,Granger,,Argentina,+54116590795,2025-02-19,Buenos Aires
955,Carlina,Radbourne,cradbourneqi@slate.com,Brazil,+551929311,2024-06-11,Brasilia
956,Cordie,Cornelleau,ccornelleauqj@scientificamerican.com,United States,+0019163647,2024-06-07,Washington D.C.
957,Batsheva,Ashbey,,Brazil,+556206465,2024-04-19,Brasilia
958,Denis,Sapir,,Argentina,+54119418779,2024-05-22,Buenos Aires
959,Magdaia,Rait,mraitqm@usda.gov,United States,,2025-08-29,Washington D.C.
960,Teodoro,Gammet,tgammetqn@godaddy.com,Brazil,+556744008,2024-09-20,Brasilia
